{
    "src/addons/SXFRating/addon.json": "aa47111726088d80f878a641e2573b142e2596889746d35a154a31ba1381fa21",
    "src/addons/SXFRating/Entity/Rating.php": "099a367422591a1bb6c46e7ed2aabafc0b18435def41944f382d18c17ab8f95b",
    "src/addons/SXFRating/Option/Rating.php": "ece8d2100378c94564021a2368740b2fe89e0a4426f1b98c9dffd22ed99a1afd",
    "src/addons/SXFRating/Pub/Controller/Rating.php": "4dbd10d0a5d0c987fb25c535de2a48e3f07c244899a2f189f79186b4e8d8debd",
    "src/addons/SXFRating/Rating/AbstractRating.php": "93643b8c4b73b641e95bac7d48b33f83e2b99409302f36e5f1b35404d015e96f",
    "src/addons/SXFRating/Rating/Rating.php": "ea15d783776e2701b4fc54caef7ce9c1176a4d42652b96492c8102a301458fcb",
    "src/addons/SXFRating/Rating/RatingRenderer.php": "2edfe490efa02f95a46cb3c9978a0438b48703817471342d1b0de5ceb6a3727a",
    "src/addons/SXFRating/Rating/UserLike.php": "604cb39ce45649cebd0dce0f50a20408883a305ebea38c76630cb383a1f75968",
    "src/addons/SXFRating/Rating/UserMessage.php": "19b0a6da39fcd30d2d4df70fffe9d0182392beffcf9a2de200c506deb64a1d62",
    "src/addons/SXFRating/Rating/UserPoint.php": "e8c48086befdfaabf5de9ae5a645ea19bf5596a5f7dba2601e2b6bf4218fa8da",
    "src/addons/SXFRating/Rating/UserResource.php": "b9505d7cccf18b4fa3ba30d6f5d1c2a7d8b8edfa90020642cec93b5ea5e292fe",
    "src/addons/SXFRating/Repository/Rating.php": "07514f485d0e42abe06c9d045c2bbeece640f5fec4338aa351fa53529a95e023",
    "src/addons/SXFRating/XF/Entity/User.php": "3c1e8968888c64badc1a8faf6a665360f80bd8b2b1253ccf8bf5476a4a05c92b",
    "src/addons/SXFRating/_data/class_extensions.xml": "da1a9fe42c1827fec9ab67003558ace381f8be7fd32c521affc3e1fe15dfc92f",
    "src/addons/SXFRating/_data/navigation.xml": "7e215ba5b9c2bda1ec4f2da6725adb78249c38518de70bd4ac8b80c1b907d1ec",
    "src/addons/SXFRating/_data/options.xml": "87b2fb73542e95ecb3bb9b7079864e89e6010e2495778b41f8e5532daa3598f6",
    "src/addons/SXFRating/_data/option_groups.xml": "c441ea815f3219af882179c7927f6b03a0e57bc1f9e17e208ca03ed55e9d05e9",
    "src/addons/SXFRating/_data/permissions.xml": "ffbb90a5976e9a6e943a6d302096f12efa793af80d4cf9b63759932f5c720c42",
    "src/addons/SXFRating/_data/permission_interface_groups.xml": "e61956c9400562feddb96834beb1f0bf88cd613cb1715decf67e8fd2e02ff24b",
    "src/addons/SXFRating/_data/phrases.xml": "ee907536937f2dce662a15750d19aba0063e0f8fbc169051fb4db0ec94b8b9fd",
    "src/addons/SXFRating/_data/routes.xml": "565d8cabb096bf8bd8ed27a00ef543fd8cbb6b4c5ac1bec4a6f66a0aa2ee8c5b",
    "src/addons/SXFRating/_data/templates.xml": "4dd3da191fcd667bf7b4048a0322fe815092e15f90eb6240465397834f386671"
}