{
    "src/addons/SXFRating/addon.json": "67d0ce5e2c5d761d45d2f57746f4508b346594e9b99936b2164e454c5777fa7d",
    "src/addons/SXFRating/Option/Rating.php": "ece8d2100378c94564021a2368740b2fe89e0a4426f1b98c9dffd22ed99a1afd",
    "src/addons/SXFRating/Pub/Controller/Rating.php": "4dbd10d0a5d0c987fb25c535de2a48e3f07c244899a2f189f79186b4e8d8debd",
    "src/addons/SXFRating/Rating/AbstractRating.php": "b266e0d0de8276c9587ddae1995c315ee4c7c9d31bbcf2374b060a8cd347f9c3",
    "src/addons/SXFRating/Rating/Rating.php": "ea15d783776e2701b4fc54caef7ce9c1176a4d42652b96492c8102a301458fcb",
    "src/addons/SXFRating/Rating/RatingRenderer.php": "2edfe490efa02f95a46cb3c9978a0438b48703817471342d1b0de5ceb6a3727a",
    "src/addons/SXFRating/Rating/UserLike.php": "6c991baa908806147b98b136dc42bbb535ca6dea2f5c8a9326847cf23753c4d6",
    "src/addons/SXFRating/Rating/UserMessage.php": "fb24ae1b82043a305916e02dc8f15d52994042331e76ce5cbab3022d5639906f",
    "src/addons/SXFRating/Rating/UserPoint.php": "5cb06f7224b8a5faf1b82eb7065d454fa55578cc4a1c95428720bde7e9bf8f86",
    "src/addons/SXFRating/Rating/UserResource.php": "06433e7f837ecc27355e9edf8a32063cdf8776d2478d70ab165b0bb5b776ece1",
    "src/addons/SXFRating/Repository/Rating.php": "ba3bd73f68dbfdb2776e9e452dad5a55e282829d4b4a5e77077fb559c29005a6",
    "src/addons/SXFRating/XF/Entity/User.php": "3c1e8968888c64badc1a8faf6a665360f80bd8b2b1253ccf8bf5476a4a05c92b",
    "src/addons/SXFRating/_data/class_extensions.xml": "da1a9fe42c1827fec9ab67003558ace381f8be7fd32c521affc3e1fe15dfc92f",
    "src/addons/SXFRating/_data/navigation.xml": "7e215ba5b9c2bda1ec4f2da6725adb78249c38518de70bd4ac8b80c1b907d1ec",
    "src/addons/SXFRating/_data/options.xml": "87b2fb73542e95ecb3bb9b7079864e89e6010e2495778b41f8e5532daa3598f6",
    "src/addons/SXFRating/_data/option_groups.xml": "c441ea815f3219af882179c7927f6b03a0e57bc1f9e17e208ca03ed55e9d05e9",
    "src/addons/SXFRating/_data/permissions.xml": "ffbb90a5976e9a6e943a6d302096f12efa793af80d4cf9b63759932f5c720c42",
    "src/addons/SXFRating/_data/permission_interface_groups.xml": "e61956c9400562feddb96834beb1f0bf88cd613cb1715decf67e8fd2e02ff24b",
    "src/addons/SXFRating/_data/phrases.xml": "ee907536937f2dce662a15750d19aba0063e0f8fbc169051fb4db0ec94b8b9fd",
    "src/addons/SXFRating/_data/routes.xml": "565d8cabb096bf8bd8ed27a00ef543fd8cbb6b4c5ac1bec4a6f66a0aa2ee8c5b",
    "src/addons/SXFRating/_data/templates.xml": "4ea00e4f6e60e827647971ef687e36c9076eb0f288cf4b79bb763c996d6917a0"
}